id,first_name,last_name,email,phone_number
1,Layne,Moberley,lmoberley0@4shared.com,(753) 3574109
2,Brianne,Coveley,bcoveley1@purevolume.com,(536) 9004737
3,Kellsie,Fake,kmindenhall2@networksolutions.com,(526) 134632
4,Deedee,Smalman,dsmalman3@amazon.co.uk,(632) 3401754
5,Eldridge,Cops,ecops4@europa.eu,(311) 9134721
6,Tracie,McEntagart,tmcentagart5@networksolutions.com,(327) 5261212
7,Lavina,Wiseman,lwiseman6@wordpress.org,(345) 7394427
8,Traci,Pilmore,tpilmore7@smh.com.au,(960) 9137065
9,Carey,Balnave,cbalnave8@multiply.com,(225) 9685384
10,Annis,Gibbon,agibbon9@opera.com,(270) 3919572
